year,population_pred,county
2025,18734.072904072345,Appling County
2026,18813.651818597325,Appling County
2027,18926.270014305428,Appling County
2028,19001.359357693866,Appling County
2029,19089.27553615406,Appling County
2030,19183.443825247716,Appling County
2031,19262.222213475037,Appling County
2032,19347.24066664342,Appling County
2033,19430.879375739805,Appling County
2034,19507.83584191651,Appling County
2025,8549.483609038389,Atkinson County
2026,8647.840076171702,Atkinson County
2027,8750.39609062554,Atkinson County
2028,8844.923201201706,Atkinson County
2029,8936.723188798693,Atkinson County
2030,9022.350653147729,Atkinson County
2031,9103.183602937701,Atkinson County
2032,9178.35950427256,Atkinson County
2033,9248.399559705738,Atkinson County
2034,9313.293525751025,Atkinson County
2025,11031.7192527545,Bacon County
2026,10996.930522101797,Bacon County
2027,10943.202937884173,Bacon County
2028,10906.646227749363,Bacon County
2029,10866.853704012134,Bacon County
2030,10821.250853388017,Bacon County
2031,10778.394932739411,Bacon County
2032,10734.385560548015,Bacon County
2033,10687.85863922361,Bacon County
2034,10640.61401064237,Bacon County
2025,2719.6140098072474,Baker County
2026,2700.202502252996,Baker County
2027,2681.6919704527972,Baker County
2028,2667.635678342016,Baker County
2029,2655.526505219809,Baker County
2030,2644.6736092658793,Baker County
2031,2636.192409594196,Baker County
2032,2630.5471354703145,Baker County
2033,2627.7257492405606,Baker County
2034,2627.9957395068745,Baker County
2025,43688.13815850321,Baldwin County
2026,43818.36821652082,Baldwin County
2027,43903.539993502236,Baldwin County
2028,44001.62076911824,Baldwin County
2029,44081.161296605824,Baldwin County
2030,44153.22696078664,Baldwin County
2031,44208.90503019475,Baldwin County
2032,44248.97548989219,Baldwin County
2033,44269.89444504783,Baldwin County
2034,44270.46093334478,Baldwin County
2025,20957.92897317199,Banks County
2026,21573.566037563796,Banks County
2027,22079.549816523355,Banks County
2028,22585.423189756068,Banks County
2029,23117.753926516933,Banks County
2030,23615.52630472874,Banks County
2031,24071.620188282563,Banks County
2032,24519.899999521032,Banks County
2033,24964.046789602697,Banks County
2034,25390.809078998554,Banks County
2025,99575.03900368609,Barrow County
2026,103119.17077951535,Barrow County
2027,106985.62828691943,Barrow County
2028,111198.7808316019,Barrow County
2029,115795.31792543961,Barrow County
2030,120816.97777810517,Barrow County
2031,126304.04283762767,Barrow County
2032,132294.89794020556,Barrow County
2033,138827.12759630792,Barrow County
2034,145938.51916629286,Barrow County
2025,120725.56667608737,Bartow County
2026,124929.44096452981,Bartow County
2027,130717.54286972036,Bartow County
2028,138824.3418587489,Bartow County
2029,150315.44812628237,Bartow County
2030,166424.58621545043,Bartow County
2031,188550.12773608798,Bartow County
2032,218068.4392642757,Bartow County
2033,256544.2154708104,Bartow County
2034,306282.6177662988,Bartow County
2025,16895.399301515412,Ben Hill County
2026,16879.693279153496,Ben Hill County
2027,16755.28997334614,Ben Hill County
2028,16700.910852545938,Ben Hill County
2029,16646.91151880337,Ben Hill County
2030,16554.842380286267,Ben Hill County
2031,16492.019444342728,Ben Hill County
2032,16423.829860280475,Ben Hill County
2033,16342.198886607486,Ben Hill County
2034,16271.305692676673,Ben Hill County
2025,18825.960459309303,Berrien County
2026,19037.771144978884,Berrien County
2027,19195.306191701984,Berrien County
2028,19372.90729686308,Berrien County
2029,19565.448191492007,Berrien County
2030,19750.846476750627,Berrien County
2031,19945.208228921714,Berrien County
2032,20147.95301394338,Berrien County
2033,20354.728637351895,Berrien County
2034,20569.210275563128,Berrien County
2025,157426.5133434546,Bibb County
2026,157817.88192277786,Bibb County
2027,158211.47543890728,Bibb County
2028,158609.31561539538,Bibb County
2029,159014.32138183626,Bibb County
2030,159427.29426095713,Bibb County
2031,159849.17423331435,Bibb County
2032,160280.92832684156,Bibb County
2033,160723.35730681402,Bibb County
2034,161177.13033077345,Bibb County
2025,12752.047053917358,Bleckley County
2026,12891.972236263644,Bleckley County
2027,13047.041591474212,Bleckley County
2028,13200.69544134904,Bleckley County
2029,13354.07465451433,Bleckley County
2030,13511.099300614886,Bleckley County
2031,13670.49877825117,Bleckley County
2032,13830.838756547475,Bleckley County
2033,13992.132478296944,Bleckley County
2034,14154.29824512079,Bleckley County
2025,18920.986672292187,Brantley County
2026,19144.207338784014,Brantley County
2027,19456.757888294855,Brantley County
2028,19584.119174303734,Brantley County
2029,19768.808972757797,Brantley County
2030,19997.27489495521,Brantley County
2031,20087.594944119264,Brantley County
2032,20208.12884188648,Brantley County
2033,20345.700974357693,Brantley County
2034,20381.35302609535,Brantley County
2025,16393.36605625199,Brooks County
2026,16447.534900314306,Brooks County
2027,16498.168243586177,Brooks County
2028,16547.64545452254,Brooks County
2029,16595.32207711408,Brooks County
2030,16641.474762290625,Brooks County
2031,16686.118979782845,Brooks County
2032,16729.35428219354,Brooks County
2033,16771.260114275407,Brooks County
2034,16811.924761411232,Brooks County
2025,52531.3878983243,Bryan County
2026,53945.83421663396,Bryan County
2027,55417.37861821332,Bryan County
2028,56921.32377746629,Bryan County
2029,58465.49143780479,Bryan County
2030,60047.9417545085,Bryan County
2031,61670.8263047372,Bryan County
2032,63335.5947732933,Bryan County
2033,65044.40303402582,Bryan County
2034,66799.49455195786,Bryan County
2025,87158.3429327653,Bulloch County
2026,88614.91450373016,Bulloch County
2027,90084.82669616054,Bulloch County
2028,91724.22237115834,Bulloch County
2029,93338.89752321644,Bulloch County
2030,95007.03706095187,Bulloch County
2031,96762.47320199154,Bulloch County
2032,98563.5652125182,Bulloch County
2033,100435.84540590383,Bulloch County
2034,102389.70607783057,Bulloch County
2025,24539.225402207856,Burke County
2026,24626.702912658377,Burke County
2027,24728.04605445267,Burke County
2028,24837.5044312934,Burke County
2029,24949.990789411695,Burke County
2030,25061.17313046878,Burke County
2031,25167.518107266118,Burke County
2032,25266.28595244885,Burke County
2033,25355.478660246736,Burke County
2034,25433.751152050605,Burke County
2025,27494.336347796438,Butts County
2026,27761.94265570804,Butts County
2027,28022.180090748137,Butts County
2028,28314.15219341277,Butts County
2029,28582.872735193396,Butts County
2030,28834.93973595971,Butts County
2031,29086.511307159642,Butts County
2032,29326.393160123087,Butts County
2033,29551.850566993475,Butts County
2034,29767.118982481228,Butts County
2025,5426.702819489401,Calhoun County
2026,5408.785878965829,Calhoun County
2027,5392.99275600466,Calhoun County
2028,5375.312210299039,Calhoun County
2029,5357.587480700784,Calhoun County
2030,5338.007927478965,Calhoun County
2031,5316.875767554184,Calhoun County
2032,5293.073835947278,Calhoun County
2033,5266.183166955345,Calhoun County
2034,5235.153552653063,Calhoun County
2025,60282.28743984247,Camden County
2026,61425.66688838526,Camden County
2027,62624.614581566144,Camden County
2028,63882.60556310295,Camden County
2029,65170.123474221706,Camden County
2030,66507.74774014115,Camden County
2031,67902.39785574818,Camden County
2032,69348.30612879031,Camden County
2033,70850.36330986035,Camden County
2034,72412.1009980462,Camden County
2025,11154.87747687488,Candler County
2026,11188.035266462852,Candler County
2027,11221.9994320149,Candler County
2028,11256.826702892726,Candler County
2029,11293.381962629133,Candler County
2030,11331.796884429343,Candler County
2031,11372.15124661569,Candler County
2032,11414.56349199683,Candler County
2033,11459.124147658027,Candler County
2034,11505.891116415212,Candler County
2025,132655.7777937185,Carroll County
2026,135433.55802641794,Carroll County
2027,138350.5196736694,Carroll County
2028,141348.90378652926,Carroll County
2029,144492.13885906583,Carroll County
2030,147749.1113640506,Carroll County
2031,151158.58441906067,Carroll County
2032,154703.96768079838,Carroll County
2033,158408.81401328652,Carroll County
2034,162264.27120123513,Carroll County
2025,68903.21908025572,Catoosa County
2026,68843.21178479714,Catoosa County
2027,68754.73151444778,Catoosa County
2028,68632.65583767617,Catoosa County
2029,68466.51473531604,Catoosa County
2030,68246.19948145642,Catoosa County
2031,67958.97730919236,Catoosa County
2032,67590.8323519342,Catoosa County
2033,67124.81363102546,Catoosa County
2034,66540.7328608566,Catoosa County
2025,13074.631960761248,Charlton County
2026,13161.008377774757,Charlton County
2027,13235.384722020879,Charlton County
2028,13296.383623725424,Charlton County
2029,13358.275092127164,Charlton County
2030,13412.905073481508,Charlton County
2031,13459.055214103784,Charlton County
2032,13499.392434991934,Charlton County
2033,13532.424893758096,Charlton County
2034,13557.750361550867,Charlton County
2025,311670.4828572081,Chatham County
2026,315169.2610201114,Chatham County
2027,318642.13165904814,Chatham County
2028,322677.1377914387,Chatham County
2029,326496.5451692183,Chatham County
2030,330412.383929088,Chatham County
2031,334556.4458368557,Chatham County
2032,338700.69290855643,Chatham County
2033,342957.66941869084,Chatham County
2034,347352.3693164013,Chatham County
2025,8535.948566031115,Chattahoochee County
2026,8543.714608961924,Chattahoochee County
2027,8591.61791455098,Chattahoochee County
2028,8688.176196928467,Chattahoochee County
2029,8837.172482483198,Chattahoochee County
2030,9041.784566352033,Chattahoochee County
2031,9302.00081036671,Chattahoochee County
2032,9611.818470717204,Chattahoochee County
2033,9957.728847417824,Chattahoochee County
2034,10318.599047865871,Chattahoochee County
2025,25471.200510239294,Chattooga County
2026,25633.292047875664,Chattooga County
2027,25771.424764163934,Chattooga County
2028,25905.71662444196,Chattooga County
2029,26022.824486022328,Chattooga County
2030,26123.224764906507,Chattooga County
2031,26207.20988315152,Chattooga County
2032,26272.36245619913,Chattooga County
2033,26319.074563137405,Chattooga County
2034,26347.21091890317,Chattooga County
2025,299876.17657313787,Cherokee County
2026,306430.2382535753,Cherokee County
2027,313147.7466573785,Cherokee County
2028,320036.6703573308,Cherokee County
2029,327095.268128883,Cherokee County
2030,334323.4481726397,Cherokee County
2031,341719.58381229977,Cherokee County
2032,349281.58794147207,Cherokee County
2033,357006.9913015622,Cherokee County
2034,364893.3151899462,Cherokee County
2025,130087.53049428668,Clarke County
2026,130146.47123196309,Clarke County
2027,130058.37155654802,Clarke County
2028,129979.18285290423,Clarke County
2029,129844.62761155094,Clarke County
2030,129621.06778462672,Clarke County
2031,129318.39171116691,Clarke County
2032,128916.71059275024,Clarke County
2033,128396.42082534172,Clarke County
2034,127742.88179024635,Clarke County
2025,2746.1025180064507,Clay County
2026,2685.3359433058386,Clay County
2027,2627.509867958138,Clay County
2028,2565.12176785454,Clay County
2029,2494.8481605057987,Clay County
2030,2413.9202531026112,Clay County
2031,2317.4171250132986,Clay County
2032,2197.1567638967927,Clay County
2033,2039.6456883184537,Clay County
2034,1820.7306979755326,Clay County
2025,295796.6847932802,Clayton County
2026,294292.5385642176,Clayton County
2027,291696.78837714554,Clayton County
2028,287706.0269739216,Clayton County
2029,282671.9732380968,Clayton County
2030,276091.7425342598,Clayton County
2031,267214.30661383335,Clayton County
2032,255509.85423900647,Clayton County
2033,240098.6996465209,Clayton County
2034,219378.10035014636,Clayton County
2025,6890.781715718713,Clinch County
2026,6959.238565435128,Clinch County
2027,7025.83309486702,Clinch County
2028,7068.650781213902,Clinch County
2029,7121.242535329325,Clinch County
2030,7178.5808349764675,Clinch County
2031,7226.472243261753,Clinch County
2032,7273.360193192043,Clinch County
2033,7322.0079380651,Clinch County
2034,7366.971385035323,Clinch County
2025,793717.4473400657,Cobb County
2026,799760.4435020098,Cobb County
2027,805847.1446654215,Cobb County
2028,812025.4793888733,Cobb County
2029,818368.7975838743,Cobb County
2030,824917.3364634098,Cobb County
2031,831714.0651734913,Cobb County
2032,838794.0609797782,Cobb County
2033,846193.083026745,Cobb County
2034,853945.9290046581,Cobb County
2025,44130.87148536367,Coffee County
2026,44308.67192183411,Coffee County
2027,44651.5825290797,Coffee County
2028,44931.737881923866,Coffee County
2029,45118.99738656352,Coffee County
2030,45418.88829161848,Coffee County
2031,45683.65524165261,Coffee County
2032,45867.68822070702,Coffee County
2033,46125.751167644325,Coffee County
2034,46365.634497603736,Coffee County
2025,47318.6985655126,Colquitt County
2026,47752.41854313878,Colquitt County
2027,48189.11486083972,Colquitt County
2028,48570.99208577027,Colquitt County
2029,48956.85581011558,Colquitt County
2030,49342.23888164468,Colquitt County
2031,49700.598865917134,Colquitt County
2032,50042.834688065464,Colquitt County
2033,50373.90811530268,Colquitt County
2034,50685.99517411996,Colquitt County
2025,169991.48323605827,Columbia County
2026,172546.0137080782,Columbia County
2027,175135.76969824368,Columbia County
2028,177863.58400764433,Columbia County
2029,180698.77624180264,Columbia County
2030,183654.12903074146,Columbia County
2031,186747.2009375591,Columbia County
2032,189985.84609573588,Columbia County
2033,193381.72851965082,Columbia County
2034,196946.5802901097,Columbia County
2025,18117.358457895312,Cook County
2026,18400.920691319094,Cook County
2027,18669.484720190525,Cook County
2028,18812.66864204095,Cook County
2029,19025.33124115904,Cook County
2030,19286.387498685606,Cook County
2031,19445.03648875538,Cook County
2032,19601.368364764687,Cook County
2033,19822.805906707217,Cook County
2034,19989.52294000931,Cook County
2025,160562.9762524299,Coweta County
2026,162604.64334657713,Coweta County
2027,164878.3498786718,Coweta County
2028,167143.2934159725,Coweta County
2029,169569.81215687696,Coweta County
2030,172074.3141701654,Coweta County
2031,174714.27896476304,Coweta County
2032,177461.02298621763,Coweta County
2033,180333.58481598424,Coweta County
2034,183321.2876659619,Coweta County
2025,12353.256650572857,Crawford County
2026,12384.922271858115,Crawford County
2027,12414.48105910528,Crawford County
2028,12435.498404212627,Crawford County
2029,12454.924443677151,Crawford County
2030,12473.394155171432,Crawford County
2031,12489.02892143818,Crawford County
2032,12501.61988993048,Crawford County
2033,12511.42589404247,Crawford County
2034,12518.316681715734,Crawford County
2025,19331.541220492272,Crisp County
2026,19162.574784393983,Crisp County
2027,19014.036573080004,Crisp County
2028,18857.94989028534,Crisp County
2029,18710.512335825853,Crisp County
2030,18564.116812495267,Crisp County
2031,18424.40075525279,Crisp County
2032,18290.190756493255,Crisp County
2033,18164.543317128326,Crisp County
2034,18048.90839044626,Crisp County
2025,16013.105712487046,Dade County
2026,15916.62020388285,Dade County
2027,15837.541750768098,Dade County
2028,15748.577734859951,Dade County
2029,15663.719335665202,Dade County
2030,15576.193789763314,Dade County
2031,15489.350278830969,Dade County
2032,15401.496230430199,Dade County
2033,15313.399775887812,Dade County
2034,15224.592740187974,Dade County
2025,35803.99533112834,Dawson County
2026,38101.09667396198,Dawson County
2027,40595.36627630026,Dawson County
2028,43353.08565292296,Dawson County
2029,46383.64895317102,Dawson County
2030,49716.04853442468,Dawson County
2031,53369.62461951269,Dawson County
2032,57369.850297617166,Dawson County
2033,61743.148291898986,Dawson County
2034,66519.92568463855,Dawson County
2025,773456.4793404925,DeKalb County
2026,776700.7522829045,DeKalb County
2027,779700.8496838092,DeKalb County
2028,782807.2905825935,DeKalb County
2029,786008.2189506736,DeKalb County
2030,789223.2322387742,DeKalb County
2031,792496.3639259619,DeKalb County
2032,795848.2441612044,DeKalb County
2033,799272.7366254942,DeKalb County
2034,802779.307411312,DeKalb County
2025,29845.07025701231,Decatur County
2026,30511.277454620562,Decatur County
2027,31384.27624286984,Decatur County
2028,32460.561299121036,Decatur County
2029,33705.6875869006,Decatur County
2030,35083.844340405354,Decatur County
2031,36544.27981005507,Decatur County
2032,38051.93478747443,Decatur County
2033,39580.987827117046,Decatur County
2034,41133.40041006849,Decatur County
2025,19613.84951588226,Dodge County
2026,19518.743282602783,Dodge County
2027,19426.111105140037,Dodge County
2028,19370.46070696152,Dodge County
2029,19298.083075773964,Dodge County
2030,19236.296242306933,Dodge County
2031,19189.697125385297,Dodge County
2032,19147.919993351945,Dodge County
2033,19120.577291127076,Dodge County
2034,19109.558475634276,Dodge County
2025,11110.974392507618,Dooly County
2026,11295.14831260296,Dooly County
2027,11481.17335882708,Dooly County
2028,11558.544653161869,Dooly County
2029,11726.316665579674,Dooly County
2030,11959.880319737153,Dooly County
2031,12180.340628141104,Dooly County
2032,12453.069871773965,Dooly County
2033,12802.141505892661,Dooly County
2034,13192.752906382753,Dooly County
2025,82198.18047941488,Dougherty County
2026,82004.95173627265,Dougherty County
2027,81842.60642323918,Dougherty County
2028,81723.87181220726,Dougherty County
2029,81659.28044269717,Dougherty County
2030,81661.8784606871,Dougherty County
2031,81745.16199086772,Dougherty County
2032,81924.07571490656,Dougherty County
2033,82214.4139719244,Dougherty County
2034,82632.766255733,Dougherty County
2025,154228.88351558687,Douglas County
2026,156642.10002744576,Douglas County
2027,159111.32983541177,Douglas County
2028,161641.07364764233,Douglas County
2029,164238.41390791113,Douglas County
2030,166908.33353429314,Douglas County
2031,169655.41704698122,Douglas County
2032,172483.47443573573,Douglas County
2033,175395.5420867089,Douglas County
2034,178393.91610712913,Douglas County
2025,10461.459410814823,Early County
2026,10298.794730660928,Early County
2027,10358.191207633088,Early County
2028,10148.60246939615,Early County
2029,10273.688451259266,Early County
2030,9993.25264188857,Early County
2031,10215.892016900976,Early County
2032,9826.383447642276,Early County
2033,10193.418577715207,Early County
2034,9635.980506273409,Early County
2025,3699.98795524129,Echols County
2026,3720.6195246547745,Echols County
2027,3694.504561969381,Echols County
2028,3695.915878763207,Echols County
2029,3702.816420494181,Echols County
2030,3684.61880307512,Echols County
2031,3683.11834663889,Echols County
2032,3681.6285840298633,Echols County
2033,3666.633584154781,Echols County
2034,3661.106239570461,Echols County
2025,75391.58190416318,Effingham County
2026,78171.91471194918,Effingham County
2027,80395.52869611891,Effingham County
2028,82993.17459238373,Effingham County
2029,86240.72452757275,Effingham County
2030,89284.87469149631,Effingham County
2031,92598.86709196307,Effingham County
2032,96607.71314921987,Effingham County
2033,100719.2179762816,Effingham County
2034,105111.00369188515,Effingham County
2025,20303.597354070276,Elbert County
2026,20459.174550738,Elbert County
2027,20619.655511662335,Elbert County
2028,20785.746028552036,Elbert County
2029,20958.001248611592,Elbert County
2030,21136.844483236517,Elbert County
2031,21322.57345229121,Elbert County
2032,21515.36510268841,Elbert County
2033,21715.28235074647,Elbert County
2034,21922.283572541695,Elbert County
2025,23341.75630304586,Emanuel County
2026,23451.725673837063,Emanuel County
2027,23562.211533995775,Emanuel County
2028,23673.455374310874,Emanuel County
2029,23784.636155988424,Emanuel County
2030,23896.091314027584,Emanuel County
2031,24007.732136455346,Emanuel County
2032,24119.56841027437,Emanuel County
2033,24231.60579380565,Emanuel County
2034,24343.8475727356,Emanuel County
2025,10929.327623319872,Evans County
2026,11008.997260608985,Evans County
2027,11091.446046532697,Evans County
2028,11159.730967800773,Evans County
2029,11226.371228845883,Evans County
2030,11288.537256263056,Evans County
2031,11342.534634303367,Evans County
2032,11390.293832703092,Evans County
2033,11431.330544402876,Evans County
2034,11464.960649001476,Evans County
2025,25774.627364163905,Fannin County
2026,25736.00477803654,Fannin County
2027,25692.610303587062,Fannin County
2028,25639.886560250903,Fannin County
2029,25584.12509775776,Fannin County
2030,25524.37434292246,Fannin County
2031,25458.808469525142,Fannin County
2032,25386.6882853624,Fannin County
2033,25307.19154197458,Fannin County
2034,25219.225451103575,Fannin County
2025,126481.54551959877,Fayette County
2026,127904.18134453756,Fayette County
2027,129356.71064288518,Fayette County
2028,130814.5559218102,Fayette County
2029,132277.87397573405,Fayette County
2030,133751.749497176,Fayette County
2031,135236.00059558562,Fayette County
2032,136728.8823973623,Fayette County
2033,138230.05987786478,Fayette County
2034,139740.01046074106,Fayette County
2025,102442.03576400058,Floyd County
2026,103560.95656109706,Floyd County
2027,104741.44058311114,Floyd County
2028,105986.0179857813,Floyd County
2029,107301.21606862782,Floyd County
2030,108696.35788669696,Floyd County
2031,110182.3325217941,Floyd County
2032,111770.66492684073,Floyd County
2033,113472.78461896522,Floyd County
2034,115299.4697615617,Floyd County
2025,286434.74463554844,Forsyth County
2026,291627.07699124236,Forsyth County
2027,295591.4793201657,Forsyth County
2028,298265.69746416435,Forsyth County
2029,298321.03267456125,Forsyth County
2030,294756.2590528317,Forsyth County
2031,285912.087772185,Forsyth County
2032,268906.80430830363,Forsyth County
2033,239471.09868705366,Forsyth County
2034,190297.8372301599,Forsyth County
2025,25570.488440853165,Franklin County
2026,26228.865577735334,Franklin County
2027,26932.29863321085,Franklin County
2028,27315.956312496965,Franklin County
2029,27643.41936151054,Franklin County
2030,28312.591919053382,Franklin County
2031,29055.6951353291,Franklin County
2032,29432.13459252117,Franklin County
2033,29722.664310299806,Franklin County
2034,30409.48042725293,Franklin County
2025,1098416.2854941897,Fulton County
2026,1106659.4278599094,Fulton County
2027,1114654.759854963,Fulton County
2028,1122817.084016569,Fulton County
2029,1131235.2779766545,Fulton County
2030,1139838.493489421,Fulton County
2031,1148644.0925262203,Fulton County
2032,1157695.2789571949,Fulton County
2033,1167010.8802862025,Fulton County
2034,1176604.2400602694,Fulton County
2025,11307128.11365107,Georgia
2026,11440233.425277052,Georgia
2027,11576174.011514109,Georgia
2028,11718636.529919771,Georgia
2029,11869854.10768364,Georgia
2030,12030815.267920852,Georgia
2031,12203533.76892994,Georgia
2032,12390443.24834641,Georgia
2033,12594011.14792932,Georgia
2034,12817005.610260151,Georgia
2025,33816.21383691677,Gilmer County
2026,34300.23119832683,Gilmer County
2027,34804.45226101895,Gilmer County
2028,35312.10127159178,Gilmer County
2029,35838.9194176169,Gilmer County
2030,36376.480503372724,Gilmer County
2031,36934.56427437191,Gilmer County
2032,37509.29237674335,Gilmer County
2033,38107.016098735745,Gilmer County
2034,38726.36144246519,Gilmer County
2025,3075.4014413365553,Glascock County
2026,3127.6845136024062,Glascock County
2027,3173.829880923005,Glascock County
2028,3218.1562873390453,Glascock County
2029,3256.6924492701414,Glascock County
2030,3286.8313277503703,Glascock County
2031,3309.108754200831,Glascock County
2032,3324.2714266164216,Glascock County
2033,3332.447964621165,Glascock County
2034,3333.900557559681,Glascock County
2025,86891.57808763132,Glynn County
2026,87254.07930492981,Glynn County
2027,87625.64971450462,Glynn County
2028,88007.9551644608,Glynn County
2029,88402.24689901019,Glynn County
2030,88809.7080018126,Glynn County
2031,89231.4495491689,Glynn County
2032,89668.49802740422,Glynn County
2033,90121.78584407167,Glynn County
2034,90592.14241223941,Glynn County
2025,61557.91407145318,Gordon County
2026,62347.581086626524,Gordon County
2027,63241.06367065495,Gordon County
2028,64214.08945886673,Gordon County
2029,65208.98798696505,Gordon County
2030,66226.30254059742,Gordon County
2031,67302.58391861647,Gordon County
2032,68454.54794537589,Gordon County
2033,69672.85417707668,Gordon County
2034,70949.62269682132,Gordon County
2025,26445.285712655994,Grady County
2026,26633.19995035571,Grady County
2027,26825.869187283242,Grady County
2028,27019.8906144622,Grady County
2029,27214.528296875895,Grady County
2030,27410.275134306714,Grady County
2031,27608.11852467641,Grady County
2032,27809.1711787578,Grady County
2033,28014.492124504057,Grady County
2034,28225.00668430497,Grady County
2025,21404.814320591762,Greene County
2026,21933.035221547667,Greene County
2027,22571.265760892573,Greene County
2028,23070.009538286977,Greene County
2029,23460.220495760856,Greene County
2030,23962.709610136135,Greene County
2031,24603.075562531034,Greene County
2032,25199.16006424224,Greene County
2033,25686.526310908263,Greene County
2034,26207.699889135314,Greene County
2025,1016309.097714131,Gwinnett County
2026,1028853.0936621481,Gwinnett County
2027,1041471.4745302339,Gwinnett County
2028,1054155.5908677157,Gwinnett County
2029,1066906.4810844795,Gwinnett County
2030,1079731.553125674,Gwinnett County
2031,1092643.2906982072,Gwinnett County
2032,1105658.6485462605,Gwinnett County
2033,1118798.7329205638,Gwinnett County
2034,1132088.645901523,Gwinnett County
2025,50790.24702757405,Habersham County
2026,51841.86728890572,Habersham County
2027,52914.8782491538,Habersham County
2028,54047.21942312266,Habersham County
2029,55181.04117705606,Habersham County
2030,56358.38267729015,Habersham County
2031,57564.29120474722,Habersham County
2032,58802.60215018288,Habersham County
2033,60078.112392295225,Habersham County
2034,61388.96025298429,Habersham County
2025,224492.17000844926,Hall County
2026,227463.89680491338,Hall County
2027,230968.51797617655,Hall County
2028,234749.1099877236,Hall County
2029,238436.74297858085,Hall County
2030,241867.55089207125,Hall County
2031,245102.65581643823,Hall County
2032,248278.80854344604,Hall County
2033,251479.97872552145,Hall County
2034,254710.94172744258,Hall County
2025,8763.593744537142,Hancock County
2026,8751.78086865665,Hancock County
2027,8766.875779303136,Hancock County
2028,8750.805036543228,Hancock County
2029,8734.62271233429,Hancock County
2030,8703.106213908337,Hancock County
2031,8664.30177228714,Hancock County
2032,8614.269568240734,Hancock County
2033,8555.093222452142,Hancock County
2034,8485.733706243715,Hancock County
2025,32727.177185988534,Haralson County
2026,33348.84706741886,Haralson County
2027,34078.774366086276,Haralson County
2028,34549.97918796698,Haralson County
2029,34849.46806210841,Haralson County
2030,35336.47007969908,Haralson County
2031,36019.93519120828,Haralson County
2032,36569.646706209256,Haralson County
2033,36894.862473766596,Haralson County
2034,37280.83816495745,Haralson County
2025,37363.57930959791,Harris County
2026,37867.08544133557,Harris County
2027,38262.95060113067,Harris County
2028,38648.71743987886,Harris County
2029,39105.022908630526,Harris County
2030,39569.67783881943,Harris County
2031,40009.643450349504,Harris County
2032,40463.97956798309,Harris County
2033,40946.339509148136,Harris County
2034,41435.86351752378,Harris County
2025,28385.07781787607,Hart County
2026,28926.548463508967,Hart County
2027,29678.688074233934,Hart County
2028,30193.631749330943,Hart County
2029,30423.18819219425,Hart County
2030,30893.96705802972,Hart County
2031,31713.84119941002,Hart County
2032,32266.210825879494,Hart County
2033,32360.538291543173,Hart County
2034,32715.26616118327,Hart County
2025,12109.177238796625,Heard County
2026,12248.607150951286,Heard County
2027,12418.251399065299,Heard County
2028,12488.67716971603,Heard County
2029,12532.20831928565,Heard County
2030,12619.83203732496,Heard County
2031,12706.77151730465,Heard County
2032,12753.010386798649,Heard County
2033,12785.558650953268,Heard County
2034,12826.80016204151,Heard County
2025,263536.4164713518,Henry County
2026,268899.53159615013,Henry County
2027,273972.8584729169,Henry County
2028,278890.45944710873,Henry County
2029,284241.8816701872,Henry County
2030,289706.7719725319,Henry County
2031,295207.90770966676,Henry County
2032,300955.95587096363,Henry County
2033,306916.59022317594,Henry County
2034,313048.75523836253,Henry County
2025,177539.77393463755,Houston County
2026,180470.74845937348,Houston County
2027,183250.31253607286,Houston County
2028,186147.8902219086,Houston County
2029,188977.0693257105,Houston County
2030,191859.0072445848,Houston County
2031,194714.9649750208,Houston County
2032,197600.31888905127,Houston County
2033,200483.1537244692,Houston County
2034,203390.01969068748,Houston County
2025,9118.439230497941,Irwin County
2026,9100.030533679375,Irwin County
2027,9089.076129065701,Irwin County
2028,9070.619988715845,Irwin County
2029,9052.868713403948,Irwin County
2030,9036.263058168546,Irwin County
2031,9019.049913169812,Irwin County
2032,9002.027998981488,Irwin County
2033,8985.531190573602,Irwin County
2034,8969.516724990088,Irwin County
2025,99115.06641489721,Jackson County
2026,104687.40270738491,Jackson County
2027,110675.70150115677,Jackson County
2028,117140.88715787973,Jackson County
2029,124114.42178214181,Jackson County
2030,131630.7954416364,Jackson County
2031,139729.20755824647,Jackson County
2032,148450.17401005753,Jackson County
2033,157836.08097639985,Jackson County
2034,167932.8770252787,Jackson County
2025,17754.93013698971,Jasper County
2026,18534.69804223413,Jasper County
2027,19119.09118930181,Jasper County
2028,19970.466926394634,Jasper County
2029,20612.357156272563,Jasper County
2030,21543.28843091434,Jasper County
2031,22248.35985398249,Jasper County
2032,23265.45863425258,Jasper County
2033,24039.090145484188,Jasper County
2034,25149.30456082248,Jasper County
2025,15255.845864077188,Jeff Davis County
2026,15401.151856396327,Jeff Davis County
2027,15540.229837700777,Jeff Davis County
2028,15672.296720324966,Jeff Davis County
2029,15795.521816001272,Jeff Davis County
2030,15908.239895816752,Jeff Davis County
2031,16009.230316377249,Jeff Davis County
2032,16097.60449779928,Jeff Davis County
2033,16172.827447377324,Jeff Davis County
2034,16234.68384997936,Jeff Davis County
2025,14840.662564388622,Jefferson County
2026,14678.504817875428,Jefferson County
2027,14511.949226932838,Jefferson County
2028,14345.60697515422,Jefferson County
2029,14182.244179397343,Jefferson County
2030,14020.038054702956,Jefferson County
2031,13858.6891054566,Jefferson County
2032,13698.39234484571,Jefferson County
2033,13538.86688919536,Jefferson County
2034,13379.796799732836,Jefferson County
2025,9018.599108468497,Jenkins County
2026,9183.779014924577,Jenkins County
2027,9330.39693354661,Jenkins County
2028,9452.23725422176,Jenkins County
2029,9545.848032944526,Jenkins County
2030,9609.805010785793,Jenkins County
2031,9644.309446769319,Jenkins County
2032,9650.826207185837,Jenkins County
2033,9631.65696793616,Jenkins County
2034,9589.552619310463,Jenkins County
2025,9253.566105621543,Johnson County
2026,9276.306555007739,Johnson County
2027,9246.651669814551,Johnson County
2028,9282.925813565771,Johnson County
2029,9309.273780649075,Johnson County
2030,9330.034831834246,Johnson County
2031,9377.654391995033,Johnson County
2032,9432.676880569801,Johnson County
2033,9498.770266218138,Johnson County
2034,9586.228138385915,Johnson County
2025,29151.57493815457,Jones County
2026,29371.778659616724,Jones County
2027,29523.42713335605,Jones County
2028,29662.060194505742,Jones County
2029,29823.291756821993,Jones County
2030,29974.04909098714,Jones County
2031,30115.807043759472,Jones County
2032,30258.062999882193,Jones County
2033,30396.07602618705,Jones County
2034,30528.44933327216,Jones County
2025,21437.646626787173,Lamar County
2026,22296.866857570003,Lamar County
2027,22645.556285810926,Lamar County
2028,23308.526901781126,Lamar County
2029,24061.452375903922,Lamar County
2030,24431.586918563822,Lamar County
2031,25011.34143157246,Lamar County
2032,25673.590772988224,Lamar County
2033,26060.840678032902,Lamar County
2034,26592.05719778691,Lamar County
2025,10500.63086020816,Lanier County
2026,10532.653182399115,Lanier County
2027,10569.115584764455,Lanier County
2028,10609.32408882292,Lanier County
2029,10654.319224117922,Lanier County
2030,10704.812498729438,Lanier County
2031,10761.619690349267,Lanier County
2032,10825.57303076071,Lanier County
2033,10897.530670208916,Lanier County
2034,10978.361989822442,Lanier County
2025,50707.15987092288,Laurens County
2026,51192.15317560784,Laurens County
2027,51719.60257736621,Laurens County
2028,52279.365300702244,Laurens County
2029,52859.45951513691,Laurens County
2030,53451.868069462005,Laurens County
2031,54050.11999052982,Laurens County
2032,54650.12258913105,Laurens County
2033,55249.52113426256,Laurens County
2034,55847.5533256033,Laurens County
2025,34400.46048425551,Lee County
2026,34689.02916592028,Lee County
2027,34896.65290221822,Lee County
2028,35164.57051292613,Lee County
2029,35449.74759469199,Lee County
2030,35695.30727420507,Lee County
2031,35951.71494601839,Lee County
2032,36226.67668947783,Lee County
2033,36489.20140774966,Lee County
2034,36749.81607821457,Lee County
2025,69382.0537575206,Liberty County
2026,69901.41447192419,Liberty County
2027,70401.10414925165,Liberty County
2028,71060.07010293819,Liberty County
2029,71685.94328459297,Liberty County
2030,72300.13129177227,Liberty County
2031,72979.85835990522,Liberty County
2032,73677.42879897906,Liberty County
2033,74383.11291963182,Liberty County
2034,75122.81044317654,Liberty County
2025,8240.517783094014,Lincoln County
2026,8367.00049059656,Lincoln County
2027,8473.714346598465,Lincoln County
2028,8606.323626800542,Lincoln County
2029,8737.413010497276,Lincoln County
2030,8844.754179240475,Lincoln County
2031,8941.879122611585,Lincoln County
2032,9038.053112988498,Lincoln County
2033,9126.06825721918,Lincoln County
2034,9202.217356248888,Lincoln County
2025,21362.836323448468,Long County
2026,22371.155727001194,Long County
2027,23370.45258344245,Long County
2028,24394.413143818885,Long County
2029,25461.45962329851,Long County
2030,26571.657970693366,Long County
2031,27732.02823333867,Long County
2032,28951.350544856745,Long County
2033,30236.194422517925,Long County
2034,31592.38851734155,Long County
2025,122866.84728894317,Lowndes County
2026,123659.22548474927,Lowndes County
2027,124835.96659721664,Lowndes County
2028,126006.50691870817,Lowndes County
2029,126901.47708020158,Lowndes County
2030,127825.72505987214,Lowndes County
2031,128971.68275548547,Lowndes County
2032,130104.98052510174,Lowndes County
2033,131090.12566476868,Lowndes County
2034,132109.54674314513,Lowndes County
2025,37302.60208012541,Lumpkin County
2026,38660.346275459495,Lumpkin County
2027,39835.26565315829,Lumpkin County
2028,40908.02042015535,Lumpkin County
2029,41988.552212917195,Lumpkin County
2030,43085.09377027734,Lumpkin County
2031,44168.27669652546,Lumpkin County
2032,45232.31313645773,Lumpkin County
2033,46291.36513548234,Lumpkin County
2034,47357.70332061527,Lumpkin County
2025,11837.949812315499,Macon County
2026,11874.358439703232,Macon County
2027,11937.444803279584,Macon County
2028,12040.905659716867,Macon County
2029,12197.700034226815,Macon County
2030,12420.226940005909,Macon County
2031,12721.960259838364,Macon County
2032,13115.427372519553,Macon County
2033,13610.272340163545,Macon County
2034,14211.153125831013,Macon County
2025,33655.36746114178,Madison County
2026,34153.40190459812,Madison County
2027,35154.81402682794,Madison County
2028,35630.895380320275,Madison County
2029,36787.91657606415,Madison County
2030,37225.66022289385,Madison County
2031,38582.715939420836,Madison County
2032,38952.3073809694,Madison County
2033,40563.73507399119,Madison County
2034,40818.372694696096,Madison County
2025,7708.610135406637,Marion County
2026,7911.446326147722,Marion County
2027,7989.297169362316,Marion County
2028,8221.282499461493,Marion County
2029,8279.857546560543,Marion County
2030,8536.84084068086,Marion County
2031,8564.891946782293,Marion County
2032,8854.531319761674,Marion County
2033,8846.050400631208,Marion County
2034,9183.017454975561,Marion County
2025,21830.034507645127,McDuffie County
2026,21794.640295855683,McDuffie County
2027,21821.93730769497,McDuffie County
2028,21810.816811963763,McDuffie County
2029,21823.39383138609,McDuffie County
2030,21821.48402734916,McDuffie County
2031,21828.529510119282,McDuffie County
2032,21830.111626058875,McDuffie County
2033,21835.073013077446,McDuffie County
2034,21837.96549092403,McDuffie County
2025,12005.225994403492,McIntosh County
2026,12274.520817864874,McIntosh County
2027,12570.257149115461,McIntosh County
2028,12847.195569283078,McIntosh County
2029,13136.576695579059,McIntosh County
2030,13452.444735906767,McIntosh County
2031,13778.629308844624,McIntosh County
2032,14114.565320052734,McIntosh County
2033,14468.711656130998,McIntosh County
2034,14839.420211065915,McIntosh County
2025,21922.76933158227,Meriwether County
2026,22377.999931835275,Meriwether County
2027,22802.69570579505,Meriwether County
2028,23185.6655114518,Meriwether County
2029,23517.479454869474,Meriwether County
2030,23792.46581652848,Meriwether County
2031,24008.24412276257,Meriwether County
2032,24165.174238990217,Meriwether County
2033,24265.695925020143,Meriwether County
2034,24313.630713549184,Meriwether County
2025,5893.856340501527,Miller County
2026,5995.329860557322,Miller County
2027,6124.5313265468985,Miller County
2028,6276.49780387089,Miller County
2029,6445.828205804058,Miller County
2030,6627.339498897235,Miller County
2031,6816.924642633242,Miller County
2032,7012.250263185377,Miller County
2033,7213.0863831206325,Miller County
2034,7421.193877338384,Miller County
2025,20241.8045556838,Mitchell County
2026,19721.113674976594,Mitchell County
2027,19419.986354152672,Mitchell County
2028,19307.392573001336,Mitchell County
2029,18713.20724622797,Mitchell County
2030,18593.61419918254,Mitchell County
2031,18363.04653152683,Mitchell County
2032,17786.27292283778,Mitchell County
2033,17824.056777790473,Mitchell County
2034,17407.510819347975,Mitchell County
2025,31955.293661826236,Monroe County
2026,33226.57965417729,Monroe County
2027,34427.64853635049,Monroe County
2028,34721.28438906107,Monroe County
2029,35845.42093385237,Monroe County
2030,37664.01538163428,Monroe County
2031,37915.613224305496,Monroe County
2032,38453.85364295567,Monroe County
2033,40977.10139299335,Monroe County
2034,41753.61528828944,Monroe County
2025,9050.833124094108,Montgomery County
2026,8114.466043904887,Montgomery County
2027,9957.470382941083,Montgomery County
2028,6062.893465199655,Montgomery County
2029,12763.165873769532,Montgomery County
2030,-6056.172161496467,Montgomery County
2031,13370.282048878707,Montgomery County
2032,47546.468647254194,Montgomery County
2033,-180122.80110202153,Montgomery County
2034,587128.459849053,Montgomery County
2025,22377.519177217797,Morgan County
2026,22838.04504001065,Morgan County
2027,23285.178177324287,Morgan County
2028,23744.948185954177,Morgan County
2029,24213.38336690002,Morgan County
2030,24683.784193656124,Morgan County
2031,25162.025232738903,Morgan County
2032,25647.332741130842,Morgan County
2033,26138.900907436073,Morgan County
2034,26638.42645675235,Morgan County
2025,41612.83725100062,Murray County
2026,42117.02937410012,Murray County
2027,42506.325558787925,Murray County
2028,42817.19955792696,Murray County
2029,43220.25017703351,Murray County
2030,43625.57267413174,Murray County
2031,43969.33255354749,Murray County
2032,44328.175686719704,Murray County
2033,44708.29733533407,Murray County
2034,45062.93096195321,Murray County
2025,201108.64970731715,Muscogee County
2026,200325.4020552602,Muscogee County
2027,199683.09586355175,Muscogee County
2028,199007.15588177298,Muscogee County
2029,198281.55235332545,Muscogee County
2030,197557.4606554604,Muscogee County
2031,196831.55826071263,Muscogee County
2032,196093.45892085688,Muscogee County
2033,195348.1691910856,Muscogee County
2034,194599.4162269251,Muscogee County
2025,126960.5108197275,Newton County
2026,130050.8955471149,Newton County
2027,133710.61380875082,Newton County
2028,137185.9196867405,Newton County
2029,140902.93042164843,Newton County
2030,145040.2866239574,Newton County
2031,149213.0770064476,Newton County
2032,153683.20535108147,Newton County
2033,158517.86337239755,Newton County
2034,163524.011260291,Newton County
2025,45261.4462134958,Oconee County
2026,45685.68389208295,Oconee County
2027,45930.78519220289,Oconee County
2028,46034.20250930748,Oconee County
2029,45943.431535968964,Oconee County
2030,45543.42959137232,Oconee County
2031,44786.517626772926,Oconee County
2032,43589.63218172279,Oconee County
2033,41777.504798367154,Oconee County
2034,39146.867596100084,Oconee County
2025,16562.46946511368,Oglethorpe County
2026,16910.584519284042,Oglethorpe County
2027,17279.98908873451,Oglethorpe County
2028,17669.426318697515,Oglethorpe County
2029,18053.702522447315,Oglethorpe County
2030,18441.424762290328,Oglethorpe County
2031,18840.206626140403,Oglethorpe County
2032,19244.688732619812,Oglethorpe County
2033,19654.20870302118,Oglethorpe County
2034,20071.90136162547,Oglethorpe County
2025,193610.69021828135,Paulding County
2026,199001.39623299433,Paulding County
2027,204634.50033417833,Paulding County
2028,210658.70830424153,Paulding County
2029,217074.22289268678,Paulding County
2030,223973.19839590223,Paulding County
2031,231387.15312982415,Paulding County
2032,239383.2039921526,Paulding County
2033,248003.51470516826,Paulding County
2034,257304.23917185445,Paulding County
2025,29576.921233765468,Peach County
2026,29929.250706731204,Peach County
2027,30294.570553764606,Peach County
2028,30658.390815975843,Peach County
2029,31017.167350710995,Peach County
2030,31375.24763546206,Peach County
2031,31732.504593646154,Peach County
2032,32087.99630642902,Peach County
2033,32442.3019777854,Peach County
2034,32795.98314629275,Peach County
2025,37926.31707462251,Pickens County
2026,38449.03360834327,Pickens County
2027,40078.49266878787,Pickens County
2028,40464.26837727781,Pickens County
2029,42499.39482412566,Pickens County
2030,42651.46213385203,Pickens County
2031,45262.85203995228,Pickens County
2032,45019.963231732836,Pickens County
2033,48451.02577026487,Pickens County
2034,47554.782525025264,Pickens County
2025,20891.60484331889,Pierce County
2026,21158.66268496109,Pierce County
2027,21390.036719062748,Pierce County
2028,21632.69687854852,Pierce County
2029,21900.90441136546,Pierce County
2030,22142.583030832502,Pierce County
2031,22401.698590008145,Pierce County
2032,22673.387330216025,Pierce County
2033,22928.136414844357,Pierce County
2034,23201.213363600134,Pierce County
2025,20999.85741457939,Pike County
2026,21383.326594106795,Pike County
2027,21735.25859781623,Pike County
2028,22099.244081691242,Pike County
2029,22482.92867943594,Pike County
2030,22870.215316838134,Pike County
2031,23265.492921422654,Pike County
2032,23671.975958360083,Pike County
2033,24087.230990490316,Pike County
2034,24511.5128641314,Pike County
2025,45141.50286986517,Polk County
2026,45489.2933801534,Polk County
2027,45975.946955861844,Polk County
2028,46380.532435660854,Polk County
2029,46855.423517734285,Polk County
2030,47296.47238524473,Polk County
2031,47775.7072893392,Polk County
2032,48244.035224276624,Polk County
2033,48735.52480437311,Polk County
2034,49227.029966323484,Polk County
2025,10282.274483275147,Pulaski County
2026,10383.3138279236,Pulaski County
2027,10506.207112315127,Pulaski County
2028,10650.618620953972,Pulaski County
2029,10825.910557137073,Pulaski County
2030,11037.816688103872,Pulaski County
2031,11293.229448374701,Pulaski County
2032,11597.630865589903,Pulaski County
2033,11955.268152597639,Pulaski County
2034,12368.179231527696,Pulaski County
2025,23650.412264877235,Putnam County
2026,23917.914435921088,Putnam County
2027,24156.393112194506,Putnam County
2028,24416.902346588144,Putnam County
2029,24687.67493700993,Putnam County
2030,24947.92107515043,Putnam County
2031,25214.92393280437,Putnam County
2032,25490.535945227533,Putnam County
2033,25764.67806923322,Putnam County
2034,26041.802447644062,Putnam County
2025,2365.951703316412,Quitman County
2026,2404.277566266758,Quitman County
2027,2438.6144880071747,Quitman County
2028,2467.7403888910435,Quitman County
2029,2490.5153261491855,Quitman County
2030,2506.380955561921,Quitman County
2031,2515.142666278081,Quitman County
2032,2516.871713164731,Quitman County
2033,2511.851543651601,Quitman County
2034,2500.5047314128883,Quitman County
2025,17907.486347675003,Rabun County
2026,18104.26652423045,Rabun County
2027,18305.758061996414,Rabun County
2028,18512.110467011407,Rabun County
2029,18724.522318066385,Rabun County
2030,18943.883402098523,Rabun County
2031,19171.130153449616,Rabun County
2032,19407.14619729846,Rabun County
2033,19652.782393855385,Rabun County
2034,19908.846101300092,Rabun County
2025,6050.578546144713,Randolph County
2026,6014.320937986073,Randolph County
2027,5979.426910973034,Randolph County
2028,5945.74240318348,Randolph County
2029,5912.986902317653,Randolph County
2030,5881.324384526447,Randolph County
2031,5851.0078327924175,Randolph County
2032,5822.277361186026,Randolph County
2033,5795.403912512309,Randolph County
2034,5770.715754902651,Randolph County
2025,205992.46564053957,Richmond County
2026,206281.6927676742,Richmond County
2027,206197.37790922134,Richmond County
2028,206342.6540045388,Richmond County
2029,206344.05366052265,Richmond County
2030,206433.03558026665,Richmond County
2031,206466.38941827774,Richmond County
2032,206532.9652775283,Richmond County
2033,206577.88176380153,Richmond County
2034,206635.27828451115,Richmond County
2025,98919.93172191313,Rockdale County
2026,100266.5337548159,Rockdale County
2027,101611.35020120791,Rockdale County
2028,102977.6747968757,Rockdale County
2029,104355.14643668185,Rockdale County
2030,105751.9135579194,Rockdale County
2031,107166.00357902123,Rockdale County
2032,108600.93687960118,Rockdale County
2033,110057.13262417383,Rockdale County
2034,111536.57763308469,Rockdale County
2025,4491.597695253179,Schley County
2026,4508.891094025478,Schley County
2027,4501.777924547007,Schley County
2028,4490.49098271916,Schley County
2029,4498.56537722411,Schley County
2030,4503.574196869311,Schley County
2031,4502.976145862874,Schley County
2032,4512.99381785324,Schley County
2033,4529.066989460845,Schley County
2034,4545.326067845641,Schley County
2025,14545.297826851955,Screven County
2026,14718.300630857366,Screven County
2027,14917.939892968016,Screven County
2028,15092.070676052243,Screven County
2029,15267.0622740393,Screven County
2030,15424.425359084265,Screven County
2031,15573.789546747761,Screven County
2032,15708.995703293363,Screven County
2033,15833.984936778728,Screven County
2034,15947.189324329325,Screven County
2025,9392.198954047744,Seminole County
2026,9442.499885582738,Seminole County
2027,9534.277779130483,Seminole County
2028,9632.452424781999,Seminole County
2029,9711.155949189055,Seminole County
2030,9791.470640585905,Seminole County
2031,9877.033820085322,Seminole County
2032,9960.475215960658,Seminole County
2033,10043.63901682496,Seminole County
2034,10129.263489655688,Seminole County
2025,71018.26197091397,Spalding County
2026,71919.99675037933,Spalding County
2027,72594.33913681087,Spalding County
2028,73300.7316483251,Spalding County
2029,74126.96937580858,Spalding County
2030,74925.4065419109,Spalding County
2031,75710.86427047648,Spalding County
2032,76545.04656071874,Spalding County
2033,77399.3911899291,Spalding County
2034,78256.96081906391,Spalding County
2025,27596.609662090512,Stephens County
2026,27789.38132078775,Stephens County
2027,28025.537109452318,Stephens County
2028,28241.045178861557,Stephens County
2029,28453.047413653734,Stephens County
2030,28678.968974087828,Stephens County
2031,28913.32764039454,Stephens County
2032,29151.412910850875,Stephens County
2033,29394.798107709215,Stephens County
2034,29644.48033882758,Stephens County
2025,4798.634147027485,Stewart County
2026,4834.185760533789,Stewart County
2027,4897.534577593437,Stewart County
2028,4944.1988580009765,Stewart County
2029,5001.677000600789,Stewart County
2030,5074.359663487542,Stewart County
2031,5153.637493371922,Stewart County
2032,5244.172540418954,Stewart County
2033,5348.659050572075,Stewart County
2034,5465.739329221327,Stewart County
2025,28960.60052738063,Sumter County
2026,28949.977001078427,Sumter County
2027,28929.848647410283,Sumter County
2028,28884.586355875254,Sumter County
2029,28811.97084952672,Sumter County
2030,28709.80037300792,Sumter County
2031,28573.23214797018,Sumter County
2032,28398.287108371656,Sumter County
2033,28181.976480943937,Sumter County
2034,27921.33391202889,Sumter County
2025,5806.542422955845,Talbot County
2026,5837.687198051006,Talbot County
2027,5868.97598828968,Talbot County
2028,5907.375377060288,Talbot County
2029,5946.284030125026,Talbot County
2030,5983.390544026693,Talbot County
2031,6019.783135702312,Talbot County
2032,6055.186599441468,Talbot County
2033,6088.473847138032,Talbot County
2034,6118.952644406394,Talbot County
2025,1642.0416400438103,Taliaferro County
2026,1659.2535644253574,Taliaferro County
2027,1676.1154496063307,Taliaferro County
2028,1693.171302957384,Taliaferro County
2029,1709.1622637516189,Taliaferro County
2030,1724.0649833454254,Taliaferro County
2031,1738.0332264109518,Taliaferro County
2032,1750.966074812365,Taliaferro County
2033,1762.816054322536,Taliaferro County
2034,1773.615047710449,Taliaferro County
2025,24105.440975971807,Tattnall County
2026,24308.570880309988,Tattnall County
2027,24388.607516868786,Tattnall County
2028,24232.744847574668,Tattnall County
2029,24317.72940197636,Tattnall County
2030,24455.2919779348,Tattnall County
2031,24362.828706241115,Tattnall County
2032,24362.83380429493,Tattnall County
2033,24498.064439537447,Tattnall County
2034,24477.541976359014,Tattnall County
2025,7771.106779008086,Taylor County
2026,7761.328642406962,Taylor County
2027,7747.693678098992,Taylor County
2028,7729.263374359531,Taylor County
2029,7705.92620630682,Taylor County
2030,7676.857092216952,Taylor County
2031,7641.229837327906,Taylor County
2032,7598.338891027193,Taylor County
2033,7547.4778586222965,Taylor County
2034,7487.91105356153,Taylor County
2025,11890.991297377263,Telfair County
2026,9526.980192313378,Telfair County
2027,9294.390057645816,Telfair County
2028,11665.989179104427,Telfair County
2029,7413.609125374276,Telfair County
2030,5551.962716645587,Telfair County
2031,9281.232881895283,Telfair County
2032,694.4172067463332,Telfair County
2033,-9385.523366718335,Telfair County
2034,-11769.396346277957,Telfair County
2025,8689.986456986931,Terrell County
2026,8675.221752117091,Terrell County
2027,8658.06465493796,Terrell County
2028,8639.388090667231,Terrell County
2029,8619.302284422558,Terrell County
2030,8598.061573612964,Terrell County
2031,8575.962013796932,Terrell County
2032,8553.283193362766,Terrell County
2033,8530.29208589394,Terrell County
2034,8507.248359620826,Terrell County
2025,46174.728521055775,Thomas County
2026,46215.841442541314,Thomas County
2027,46405.621513598264,Thomas County
2028,46601.288386809254,Thomas County
2029,46717.68776513779,Thomas County
2030,46844.726943283364,Thomas County
2031,47006.34815431859,Thomas County
2032,47152.26102939913,Thomas County
2033,47280.99857671742,Thomas County
2034,47418.26770750471,Thomas County
2025,41958.14828355057,Tift County
2026,42120.93570643674,Tift County
2027,42291.536110733236,Tift County
2028,42489.67214175149,Tift County
2029,42654.03066992879,Tift County
2030,42833.295792418125,Tift County
2031,43008.187041727244,Tift County
2032,43175.08301692221,Tift County
2033,43345.70649052051,Tift County
2034,43510.46746699714,Tift County
2025,27646.644299122967,Toombs County
2026,27873.969412295515,Toombs County
2027,28135.24227016627,Toombs County
2028,28342.06821114074,Toombs County
2029,28546.30674302746,Toombs County
2030,28768.155237912408,Toombs County
2031,28971.182671065202,Toombs County
2032,29158.871706969712,Toombs County
2033,29346.70546675022,Toombs County
2034,29525.571668266504,Toombs County
2025,13378.659660818314,Towns County
2026,13533.18113375799,Towns County
2027,13684.772095511988,Towns County
2028,13862.337192765714,Towns County
2029,14052.928103684942,Towns County
2030,14243.180301327131,Towns County
2031,14437.588079991554,Towns County
2032,14642.270355802579,Towns County
2033,14855.621617267818,Towns County
2034,15074.528828986116,Towns County
2025,6444.839122865155,Treutlen County
2026,6478.548301552225,Treutlen County
2027,6521.824097750527,Treutlen County
2028,6557.816343355521,Treutlen County
2029,6596.251634719267,Treutlen County
2030,6635.410626766101,Treutlen County
2031,6672.764496097608,Treutlen County
2032,6709.6906024168975,Treutlen County
2033,6745.356934695568,Treutlen County
2034,6779.160190536696,Treutlen County
2025,71936.66696733105,Troup County
2026,72212.30362548507,Troup County
2027,72316.18275492126,Troup County
2028,72227.4040270678,Troup County
2029,71921.28855992407,Troup County
2030,71371.27531361447,Troup County
2031,70545.14550144602,Troup County
2032,69402.48909322682,Troup County
2033,67888.57454547833,Troup County
2034,65924.83479870464,Troup County
2025,9140.039370141814,Turner County
2026,9262.653772869264,Turner County
2027,9387.67072046757,Turner County
2028,9513.106963512259,Turner County
2029,9638.702085968718,Turner County
2030,9764.816264737623,Turner County
2031,9892.097960118008,Turner County
2032,10021.234365540822,Turner County
2033,10152.83820011062,Turner County
2034,10287.397781525862,Turner County
2025,7690.556643838612,Twiggs County
2026,7680.995631847641,Twiggs County
2027,7681.091652796666,Twiggs County
2028,7669.8820146672515,Twiggs County
2029,7659.7276050119635,Twiggs County
2030,7649.989485655421,Twiggs County
2031,7635.10094443822,Twiggs County
2032,7615.483786068344,Twiggs County
2033,7590.6041411757415,Twiggs County
2034,7558.525865550677,Twiggs County
2025,28214.35762753331,Union County
2026,28966.423974217952,Union County
2027,29678.02706653858,Union County
2028,30378.12945604862,Union County
2029,31155.0976867668,Union County
2030,31981.22726015835,Union County
2031,32820.14784436841,Union County
2032,33696.1405918997,Union County
2033,34626.87402283172,Union County
2034,35600.51917540807,Union County
2025,28474.06561638833,Upson County
2026,28617.09019170699,Upson County
2027,28763.848522007258,Upson County
2028,28901.3536970316,Upson County
2029,29028.948952676335,Upson County
2030,29149.659449586492,Upson County
2031,29265.230881204865,Upson County
2032,29375.842659409616,Upson County
2033,29481.237660006835,Upson County
2034,29581.3640289303,Upson County
2025,69318.88301245979,Walker County
2026,69428.06314798254,Walker County
2027,69498.9287512393,Walker County
2028,69530.5944406114,Walker County
2029,69563.73974427576,Walker County
2030,69592.81299182212,Walker County
2031,69607.5965406953,Walker County
2032,69609.7882178202,Walker County
2033,69600.80451158967,Walker County
2034,69579.1576763801,Walker County
2025,113128.54642994356,Walton County
2026,117292.56149542995,Walton County
2027,120766.69216445019,Walton County
2028,124198.39375609509,Walton County
2029,128780.73916609591,Walton County
2030,132896.44425314356,Walton County
2031,136518.67520506762,Walton County
2032,141483.09999782938,Walton County
2033,146420.0390626488,Walton County
2034,150401.99513348565,Walton County
2025,36377.25262030952,Ware County
2026,36701.00520597274,Ware County
2027,36816.02626487799,Ware County
2028,36981.79244494935,Ware County
2029,37188.32133367913,Ware County
2030,37325.78851963711,Ware County
2031,37469.3468146277,Ware County
2032,37615.45602592613,Ware County
2033,37732.2395698422,Ware County
2034,37841.53118056685,Ware County
2025,5141.98293175212,Warren County
2026,5121.790516392964,Warren County
2027,5126.392532388092,Warren County
2028,5122.6066523846275,Warren County
2029,5112.190820582928,Warren County
2030,5106.420073198533,Warren County
2031,5098.203311394678,Warren County
2032,5086.397507183963,Warren County
2033,5073.841359760391,Warren County
2034,5059.056951356371,Warren County
2025,19667.75304829257,Washington County
2026,19556.966843079783,Washington County
2027,19538.36042476431,Washington County
2028,19528.277439156373,Washington County
2029,19471.639943108235,Washington County
2030,19399.388973788078,Washington County
2031,19359.212424584475,Washington County
2032,19353.46314626818,Washington County
2033,19356.663578720832,Washington County
2034,19360.434227685033,Washington County
2025,32719.686680918647,Wayne County
2026,33323.60148710507,Wayne County
2027,33952.06221450494,Wayne County
2028,34487.0887086929,Wayne County
2029,34970.70000186359,Wayne County
2030,35465.04948441722,Wayne County
2031,35895.115499235646,Wayne County
2032,36250.00662469672,Wayne County
2033,36599.862970756425,Wayne County
2034,36921.03877879851,Wayne County
2025,2290.5839968928367,Webster County
2026,2270.1306702383827,Webster County
2027,2238.404840719825,Webster County
2028,2210.6252795080973,Webster County
2029,2182.9116607162905,Webster County
2030,2152.7637130819667,Webster County
2031,2122.4287783115506,Webster County
2032,2091.0237923929617,Webster County
2033,2057.7783661746444,Webster County
2034,2022.4906983636765,Webster County
2025,6923.905851258953,Wheeler County
2026,7056.644055942031,Wheeler County
2027,6766.717775809624,Wheeler County
2028,7199.715662736937,Wheeler County
2029,6477.270034372769,Wheeler County
2030,7651.0559590651055,Wheeler County
2031,5675.052161847139,Wheeler County
2032,8637.809506262533,Wheeler County
2033,2929.5162015550013,Wheeler County
2034,9203.877644998269,Wheeler County
2025,30291.64129009858,White County
2026,30455.533744374137,White County
2027,30811.841336714046,White County
2028,31570.17267268041,White County
2029,31826.360525892982,White County
2030,31779.24648747671,White County
2031,32397.083464674695,White County
2032,32948.5481817899,White County
2033,32639.18588999025,White County
2034,32751.19246396105,White County
2025,105851.83467677569,Whitfield County
2026,106636.11521403432,Whitfield County
2027,107462.34056866377,Whitfield County
2028,108263.57903569221,Whitfield County
2029,109025.80281422159,Whitfield County
2030,109769.92227781987,Whitfield County
2031,110493.3487102766,Whitfield County
2032,111183.92407870492,Whitfield County
2033,111840.54100315364,Whitfield County
2034,112465.400070876,Whitfield County
2025,8979.524192689496,Wilcox County
2026,9064.055936790868,Wilcox County
2027,9138.744647105836,Wilcox County
2028,9209.208356006628,Wilcox County
2029,9270.809275215437,Wilcox County
2030,9323.652617085207,Wilcox County
2031,9366.21412506449,Wilcox County
2032,9398.079722805754,Wilcox County
2033,9418.760198316262,Wilcox County
2034,9428.157348350367,Wilcox County
2025,9563.340164160509,Wilkes County
2026,9564.692723239454,Wilkes County
2027,9561.264592689686,Wilkes County
2028,9555.70116049942,Wilkes County
2029,9546.051986205644,Wilkes County
2030,9532.095645575893,Wilkes County
2031,9512.998941241356,Wilkes County
2032,9488.1862341693,Wilkes County
2033,9457.014549510464,Wilkes County
2034,9418.88580690112,Wilkes County
2025,8697.941109057021,Wilkinson County
2026,8621.839448191791,Wilkinson County
2027,8613.359192909298,Wilkinson County
2028,8514.686740603871,Wilkinson County
2029,8448.175595015466,Wilkinson County
2030,8301.425462070727,Wilkinson County
2031,8160.799598372768,Wilkinson County
2032,7949.110743906857,Wilkinson County
2033,7728.196128388448,Wilkinson County
2034,7447.8531483660245,Wilkinson County
2025,20058.604619567206,Worth County
2026,20047.896400819594,Worth County
2027,19890.48589307464,Worth County
2028,19829.25787101506,Worth County
2029,19731.41568847799,Worth County
2030,19636.60297363183,Worth County
2031,19572.052689140728,Worth County
2032,19476.49283320666,Worth County
2033,19421.397701743783,Worth County
2034,19345.24670355434,Worth County
